{"test_acc":0.04109589010477066,"val_acc":0.044062498956918716,"val_kl":1.878128170967102,"train_loss":4.112039566040039,"test_kl":1.5457853078842163,"_step":87,"lr-Adam-1":0.001,"trainer/global_step":1152,"_runtime":76,"test_f1":0.04109589010477066,"val_f1":0.044062498956918716,"epoch":32,"test_loss":10.23983383178711,"train_f1":0.1728515625,"_wandb":{"runtime":76},"train_acc":0.1728515625,"val_loss":9.880789756774902,"lr-Adam":3.125e-05,"_timestamp":1.7655744028137448e+09,"train_kl":1.8841813802719116}