{"_runtime":75,"_step":87,"_timestamp":1.7655745113893683e+09,"train_acc":0.17578125,"trainer/global_step":1152,"epoch":32,"test_f1":0.006849315017461777,"val_f1":0.03421875089406967,"test_kl":1.545259952545166,"train_f1":0.17578125,"lr-Adam":3.125e-05,"test_acc":0.006849315017461777,"test_loss":9.573709487915039,"val_kl":1.8822004795074463,"val_acc":0.03421875089406967,"train_loss":4.035702228546143,"lr-Adam-1":0.001,"_wandb":{"runtime":75},"val_loss":9.8408784866333,"train_kl":1.888333797454834}