{"val_acc":0.006093749776482582,"_timestamp":1.7655770732529032e+09,"_runtime":167,"lr-Adam-1":0.001,"val_kl":0.11000154167413712,"test_loss":9.67827320098877,"train_kl":0.08124136179685593,"test_kl":7.201295852661133,"train_acc":0.0078125,"train_loss":6.68583869934082,"test_acc":0,"lr-Adam":1.0000000000000004e-08,"_wandb":{"runtime":167},"trainer/global_step":8773,"val_loss":9.020268440246582,"_step":237,"epoch":31}