{"_wandb":{"runtime":157},"lr-Adam-1":0.001,"epoch":51,"val_loss":9.598831176757812,"trainer/global_step":1836,"_step":138,"lr-Adam":1.0000000000000004e-08,"_timestamp":1.765576304408539e+09,"val_kl":2.6716580390930176,"train_loss":6.730872631072998,"test_kl":2.6706736087799072,"test_loss":8.553192138671875,"val_acc":0.006093749776482582,"_runtime":157,"train_acc":0.0078125,"test_acc":0,"train_kl":2.692976236343384}