{"lr-Adam-1":0.001,"_runtime":127,"trainer/global_step":1836,"_step":138,"test_loss":8.617742538452148,"val_acc":0.0053125000558793545,"val_loss":9.616619110107422,"train_kl":3.2903194427490234,"test_kl":3.268001079559326,"train_acc":0.02604166604578495,"_wandb":{"runtime":127},"epoch":51,"_timestamp":1.76557581461751e+09,"val_kl":3.2689852714538574,"test_acc":0,"train_loss":6.739205360412598,"lr-Adam":1.0000000000000004e-08}