{"test_kl":4.486106872558594,"_timestamp":1.765575187866924e+09,"epoch":21,"test_acc":0.006849315017461777,"train_loss":4.920228958129883,"_runtime":66,"train_acc":0.171875,"val_loss":9.838447570800781,"trainer/global_step":5943,"lr-Adam":1.0000000000000002e-06,"lr-Adam-1":0.001,"_wandb":{"runtime":66},"val_acc":0.044062498956918716,"test_loss":10.676732063293457,"val_kl":4.486538410186768,"train_kl":4.5723981857299805,"_step":160}